date,event_id,tournament,category,surface,player1,player2,start_ts,odds_p1,odds_p2
2025-08-29,14494891,"US Open, New York, USA",ATP,Hard,Adam Walton,Coleman Wong,1756391400,1.9,1.9
2025-08-29,14494890,"US Open, New York, USA",ATP,Hard,Lorenzo Musetti,David Goffin,1756394100,1.9,1.9
2025-08-29,14494898,"US Open, New York, USA",ATP,Hard,Tristan Boyer,Andrey Rublev,1756399500,1.9,1.9
2025-08-29,14494887,"US Open, New York, USA",ATP,Hard,Zizou Bergs,Jack Draper,1756386000,1.9,1.9
2025-08-29,14494886,"US Open, New York, USA",ATP,Hard,Jenson Brooksby,Flavio Cobolli,1756390200,1.9,1.9
2025-08-29,14494880,"US Open, New York, USA",ATP,Hard,Karen Khachanov,Kamil Majchrzak,1756404600,1.9,1.9
2025-08-29,14494884,"US Open, New York, USA",ATP,Hard,Leandro Riedi,Francisco Cerundolo,1756388400,1.9,1.9
2025-08-29,14494885,"US Open, New York, USA",ATP,Hard,Valentin Royer,Denis Shapovalov,1756390200,1.9,1.9
2025-08-29,14494893,"US Open, New York, USA",ATP,Hard,Jannik Sinner,Alexei Popyrin,1756406400,1.9,1.9
2025-08-29,14494899,"US Open, New York, USA",ATP,Hard,Gabriel Diallo,Jaume Munar,1756402500,1.9,1.9
2025-08-29,14494888,"US Open, New York, USA",ATP,Hard,Alexander Bublik,Tristan Schoolkate,1756403100,1.9,1.9
2025-08-29,14494881,"US Open, New York, USA",ATP,Hard,Roman Safiullin,Felix Auger-Aliassime,1756414800,1.9,1.9
2025-08-29,14494892,"US Open, New York, USA",ATP,Hard,Stefanos Tsitsipas,Daniel Altmaier,1756405500,1.9,1.9
2025-08-29,14494897,"US Open, New York, USA",ATP,Hard,Shintaro Mochizuki,Alex de Minaur,1756410300,1.9,1.9
2025-08-29,14494883,"US Open, New York, USA",ATP,Hard,Alexander Zverev,Jacob Fearnley,1756413900,1.9,1.9
2025-08-29,14494895,"US Open, New York, USA",ATP,Hard,Nuno Borges,Tommy Paul,1756423500,1.9,1.9
2025-08-29,14494910,"US Open, New York, USA",ATP,Hard,Ben Shelton,Adrian Mannarino,1756473300,1.9,1.9
2025-08-29,14494912,"US Open, New York, USA",ATP,Hard,Benjamin Bonzi,Arthur Rinderknech,1756475100,1.9,1.9
2025-08-29,14494914,"US Open, New York, USA",ATP,Hard,Frances Tiafoe,Jan-Lennard Struff,1756485900,1.9,1.9
2025-08-29,14494911,"US Open, New York, USA",ATP,Hard,Jerome Kym,Taylor Fritz,1756475100,1.9,1.9
2025-08-29,14494916,"US Open, New York, USA",ATP,Hard,Jiri Lehecka,Raphael Collignon,1756479600,1.9,1.9
2025-08-29,14494941,"US Open, New York, USA",ATP,Hard,Luciano Darderi,Carlos Alcaraz,1756485000,1.9,1.9
2025-08-29,14494921,"US Open, New York, USA",ATP,Hard,Novak Djokovic,Cameron Norrie,1756472400,1.9,1.9
2025-08-29,14494920,"US Open, New York, USA",ATP,Hard,Ugo Blanchet,Tomas Machac,1756478700,1.9,1.9
2025-08-29,14494990,"US Open, New York, USA",WTA,Hard,Anna Kalinskaya,Yulia Putintseva,1756402200,1.9,1.9
2025-08-29,14494982,"US Open, New York, USA",WTA,Hard,Beatriz Haddad Maia,Viktorija Golubic,1756400400,1.9,1.9
2025-08-29,14495028,"US Open, New York, USA",WTA,Hard,Ekaterina Alexandrova,Xinyu Wang,1756393200,1.9,1.9
2025-08-29,14494980,"US Open, New York, USA",WTA,Hard,Linda Noskova,Eva Lys,1756395900,1.9,1.9
2025-08-29,14494971,"US Open, New York, USA",WTA,Hard,Maria Sakkari,Anna Bondar,1756397700,1.9,1.9
2025-08-29,14494981,"US Open, New York, USA",WTA,Hard,Suzan Lamens,Iga Swiatek,1756390500,1.9,1.9
2025-08-29,14494995,"US Open, New York, USA",WTA,Hard,Zeynep Sonmez,Marta Kostyuk,1756401000,1.9,1.9
2025-08-29,14494986,"US Open, New York, USA",WTA,Hard,Magdalena Frech,Peyton Stearns,1756389600,1.9,1.9
2025-08-29,14494976,"US Open, New York, USA",WTA,Hard,Anastasia Zakharova,Laura Siegemund,1756396500,1.9,1.9
2025-08-29,14495030,"US Open, New York, USA",WTA,Hard,Hailey Baptiste,Naomi Osaka,1756406400,1.9,1.9
2025-08-29,14494973,"US Open, New York, USA",WTA,Hard,Sorana Cirstea,Karolina Muchova,1756393800,1.9,1.9
2025-08-29,14495031,"US Open, New York, USA",WTA,Hard,Daria Kasatkina,Kamilla Rakhimova,1756403400,1.9,1.9
2025-08-29,14494974,"US Open, New York, USA",WTA,Hard,Jaqueline Cristian,Ashlyn Krueger,1756400700,1.9,1.9
2025-08-29,14494977,"US Open, New York, USA",WTA,Hard,Renata Zarazua,Diane Parry,1756406100,1.9,1.9
2025-08-29,14494972,"US Open, New York, USA",WTA,Hard,Donna Vekić,Coco Gauff,1756423800,1.9,1.9
2025-08-29,14494970,"US Open, New York, USA",WTA,Hard,Amanda Anisimova,Maya Joint,1756428000,1.9,1.9
2025-08-29,14494993,"US Open, New York, USA",WTA,Hard,Aryna Sabalenka,Leylah Fernandez,1756485900,1.9,1.9
2025-08-29,14494991,"US Open, New York, USA",WTA,Hard,Elena Rybakina,Emma Raducanu,1756476000,1.9,1.9
2025-08-29,14494997,"US Open, New York, USA",WTA,Hard,Elise Mertens,Cristina Bucsa,1756487700,1.9,1.9
2025-08-29,14494985,"US Open, New York, USA",WTA,Hard,Emma Navarro,Barbora Krejcikova,1756486800,1.9,1.9
2025-08-29,14494988,"US Open, New York, USA",WTA,Hard,Jessica Pegula,Victoria Azarenka,1756476900,1.9,1.9
2025-08-29,14494992,"US Open, New York, USA",WTA,Hard,Marketa Vondrousova,Jasmine Paolini,1756480500,1.9,1.9
2025-08-29,14494983,"US Open, New York, USA",WTA,Hard,Priscilla Hon,Ann Li,1756472400,1.9,1.9
2025-08-29,14494987,"US Open, New York, USA",WTA,Hard,Taylor Townsend,Mirra Andreeva,1756476900,1.9,1.9
2025-08-29,14560210,"US Open, New York, USA, Doubles",ATP,Hard,Andreozzi G / Guinard M,Mektić N / Ram R,1756479600,1.9,1.9
2025-08-29,14560223,"US Open, New York, USA, Doubles",ATP,Hard,Arneodo R / Bopanna R,Cash R / Tracy J,1756480500,1.9,1.9
2025-08-29,14560203,"US Open, New York, USA, Doubles",ATP,Hard,Balaji N S / Bollipalli R C,Kirkov V / Stevens B,1756471500,1.9,1.9
2025-08-29,14560218,"US Open, New York, USA, Doubles",ATP,Hard,Bellucci M / Marozsan F,Arends S / Johnson L,1756476000,1.9,1.9
2025-08-29,14560209,"US Open, New York, USA, Doubles",ATP,Hard,Bhambri Y / Venus M,Giron M / Tien L,1756483200,1.9,1.9
2025-08-29,14560208,"US Open, New York, USA, Doubles",ATP,Hard,Borges N / Rinderknech A,Holt B / Smith C,1756482300,1.9,1.9
2025-08-29,14560212,"US Open, New York, USA, Doubles",ATP,Hard,Bublik A / Demoliner M,Romboli F / Smith J-P,1756484100,1.9,1.9
2025-08-29,14560217,"US Open, New York, USA, Doubles",ATP,Hard,Cabral F / Miedler L,Barrientos N / Lammons N,1756486800,1.9,1.9
2025-08-29,14560229,"US Open, New York, USA, Doubles",ATP,Hard,Cash J / Glasspool L,Erler A / Galloway R,1756476900,1.9,1.9
2025-08-29,14560201,"US Open, New York, USA, Doubles",ATP,Hard,Ebden M / Thompson J,Cerundolo F / Gomez F.,1756474200,1.9,1.9
2025-08-29,14560219,"US Open, New York, USA, Doubles",ATP,Hard,Etcheverry T / Ugo Carabelli C,Dzumhur D / Kovacevic A,1756479600,1.9,1.9
2025-08-29,14560228,"US Open, New York, USA, Doubles",ATP,Hard,Fearnley J / Majchrzak K,Schnaitter J / Wallner M,1756486800,1.9,1.9
2025-08-29,14560204,"US Open, New York, USA, Doubles",ATP,Hard,Goffin D / Muller A,Exsted M / Woestendick C,1756485900,1.9,1.9
2025-08-29,14560225,"US Open, New York, USA, Doubles",ATP,Hard,Gonzalez M / Molteni A,Gonzalez S / Krajicek A,1756470600,1.9,1.9
2025-08-29,14560226,"US Open, New York, USA, Doubles",ATP,Hard,Goransson A / Verbeek S,Doumbia S / Reboul F,1756471500,1.9,1.9
2025-08-29,14560213,"US Open, New York, USA, Doubles",ATP,Hard,Harrison C / King E,Altmaier D / Martinez L,1756477800,1.9,1.9
2025-08-29,14560221,"US Open, New York, USA, Doubles",ATP,Hard,Heliovaara H / Patten H,Frantzen C / Haase R,1756485900,1.9,1.9
2025-08-29,14560198,"US Open, New York, USA, Doubles",ATP,Hard,Hidalgo D / Kadhe A,Arevalo M / Pavic M,1756481400,1.9,1.9
2025-08-29,14560202,"US Open, New York, USA, Doubles",ATP,Hard,Hijikata R / Pel D,Nys H / Roger-Vasselin E,1756472400,1.9,1.9
2025-08-29,14560211,"US Open, New York, USA, Doubles",ATP,Hard,Ho R / Jebens H,Boyer T / Nava E,1756481400,1.9,1.9
2025-08-29,14560214,"US Open, New York, USA, Doubles",ATP,Hard,Kecmanovic M / Medjedovic H,Granollers M / Zeballos H,1756478700,1.9,1.9
2025-08-29,14560220,"US Open, New York, USA, Doubles",ATP,Hard,Luz O / Olivetti A,Mannarino A / Ruusuvuori E,1756486800,1.9,1.9
2025-08-29,14560206,"US Open, New York, USA, Doubles",ATP,Hard,Mahut N / Mpetshi Perricard G,Krawietz K / Puetz T,1756477800,1.9,1.9
2025-08-29,14560222,"US Open, New York, USA, Doubles",ATP,Hard,Martínez P / Munar J,Bolelli S / Vavassori A,1756479600,1.9,1.9
2025-08-29,14560227,"US Open, New York, USA, Doubles",ATP,Hard,Matos R / Melo M,Dodig I / Murray J,1756474200,1.9,1.9
2025-08-29,14560215,"US Open, New York, USA, Doubles",ATP,Hard,Mcdonald M / Quinn E,Hilderbrand T / Trhac P,1756478700,1.9,1.9
2025-08-29,14560216,"US Open, New York, USA, Doubles",ATP,Hard,Pavlasek A / Zielinski J,Behar A / Vliegen J,1756484100,1.9,1.9
2025-08-29,14560200,"US Open, New York, USA, Doubles",ATP,Hard,Peers J / Withrow J,Bergs Z / Collignon R,1756479600,1.9,1.9
2025-08-29,14560199,"US Open, New York, USA, Doubles",ATP,Hard,Romios M C / Seggerman R,Machac T / Vocel M,1756477800,1.9,1.9
2025-08-29,14560205,"US Open, New York, USA, Doubles",ATP,Hard,Salisbury J / Skupski N,Goldhoff G / Stalder R,1756476900,1.9,1.9
2025-08-29,14560224,"US Open, New York, USA, Doubles",ATP,Hard,T. Arribage / B. Bonzi,Darderi L / Schoolkate T,1756483200,1.9,1.9
2025-08-29,14560207,"US Open, New York, USA, Doubles",ATP,Hard,Williams C / Winegar T,Nouza P / Rikl P,1756473300,1.9,1.9
2025-08-29,14552691,"US Open, New York, USA, Doubles",WTA,Hard,Brantmeier R / Hamilton A,Frodin T / Penickova K,1756389600,1.9,1.9
2025-08-29,14552694,"US Open, New York, USA, Doubles",WTA,Hard,Eikeri U / Hozumi E,Kalashnikova O / Starodubtseva Y,1756390500,1.9,1.9
2025-08-29,14552677,"US Open, New York, USA, Doubles",WTA,Hard,Lumsden M / Ninomiya M,Gleason Q / Martins I,1756400400,1.9,1.9
2025-08-29,14552683,"US Open, New York, USA, Doubles",WTA,Hard,Guo H / Panova A,Detiuc A / Pridankina E,1756402800,1.9,1.9
2025-08-29,14552699,"US Open, New York, USA, Doubles",WTA,Hard,Parks A / Yastremska D,Birrell K / Gadecki O,1756391100,1.9,1.9
2025-08-29,14552680,"US Open, New York, USA, Doubles",WTA,Hard,Krejcikova B / Ostapenko J,Babos T / Stefani L,1756404300,1.9,1.9
2025-08-29,14552700,"US Open, New York, USA, Doubles",WTA,Hard,Siniakova K / Townsend T,Kichenok N / Sutjiadi A,1756409700,1.9,1.9
2025-08-29,14552692,"US Open, New York, USA, Doubles",WTA,Hard,Kudermetova V / Mertens E,Lamens S / Lys E,1756393800,1.9,1.9
2025-08-29,14552676,"US Open, New York, USA, Doubles",WTA,Hard,Skoch M / Vondroušová M,Dabrowski G / Routliffe E,1756408800,1.9,1.9
2025-08-29,14552684,"US Open, New York, USA, Doubles",WTA,Hard,Dart H / Putintseva Y,Andreeva M / Shnaider D,1756409400,1.9,1.9
2025-08-29,14552668,"US Open, New York, USA, Doubles",WTA,Hard,Boisson L / Maria T,Errani S / Paolini J,1756410300,1.9,1.9
2025-08-29,14552687,"US Open, New York, USA, Doubles",WTA,Hard,Golubic V / Li A,Bronzetti L / Piter K,1756408500,1.9,1.9
2025-08-29,14552693,"US Open, New York, USA, Doubles",WTA,Hard,Fernandez L A / Williams V,Kichenok L / Perez E,1756413900,1.9,1.9
2025-08-29,14552681,"US Open, New York, USA, Doubles",WTA,Hard,Kempen M / Sherif Ahmed Abdelaziz M,Jovic I / Ngounoue C,1756413000,1.9,1.9
2025-08-29,14552698,"US Open, New York, USA, Doubles",WTA,Hard,Blinkova A / Frech M,Kudermetova P / Potapova A,1756412100,1.9,1.9
2025-08-29,14552682,"US Open, New York, USA, Doubles",WTA,Hard,Xu Y / Yang Z,Pareja J / Urhobo A,1756413900,1.9,1.9
2025-08-29,14552685,"US Open, New York, USA, Doubles",WTA,Hard,Baptiste H / Osuigwe W,Hunter S / Krawczyk D,1756473300,1.9,1.9
2025-08-29,14552695,"US Open, New York, USA, Doubles",WTA,Hard,Boulter K / Kartal S,S. Santamaria / Q. Tang,1756476000,1.9,1.9
2025-08-29,14552690,"US Open, New York, USA, Doubles",WTA,Hard,Bouzas Maneiro J / Cocciaretto E,Kostyuk M / Ruse E,1756470600,1.9,1.9
2025-08-29,14552679,"US Open, New York, USA, Doubles",WTA,Hard,Bucsa C / Melichar-Martinez N,Hsieh S-W / Krueger A,1756473300,1.9,1.9
2025-08-29,14552688,"US Open, New York, USA, Doubles",WTA,Hard,Chan H-C / Jiang X,Aoyama S / Wang Y,1756483200,1.9,1.9
2025-08-29,14552678,"US Open, New York, USA, Doubles",WTA,Hard,Dolehide C / Kenin S,Linette M / Shibahara E,1756486800,1.9,1.9
2025-08-29,14552689,"US Open, New York, USA, Doubles",WTA,Hard,Joint M / Mcnally C,Haddad Maia B / Siegemund L,1756480500,1.9,1.9
2025-08-29,14552670,"US Open, New York, USA, Doubles",WTA,Hard,Kato M / Zarazua R,Masarova R / Pavlyuchenkova A,1756471500,1.9,1.9
2025-08-29,14552669,"US Open, New York, USA, Doubles",WTA,Hard,Kessler M / Stearns P,Cirstea S / Kalinskaya A,1756475100,1.9,1.9
2025-08-29,14552671,"US Open, New York, USA, Doubles",WTA,Hard,Khromacheva I / Rakhimova K,Stollar F / Wu F,1756474200,1.9,1.9
2025-08-29,14552675,"US Open, New York, USA, Doubles",WTA,Hard,Muhammad A / Schuurs D,Corley C / Corley I,1756486800,1.9,1.9
2025-08-29,14552673,"US Open, New York, USA, Doubles",WTA,Hard,Niculescu M / Sevastova A,Zheng S / Zhu L,1756470600,1.9,1.9
2025-08-29,14552674,"US Open, New York, USA, Doubles",WTA,Hard,Olmos G / Siskova A,Sramkova R / Noskova L,1756476900,1.9,1.9
2025-08-29,14552697,"US Open, New York, USA, Doubles",WTA,Hard,Osorio C / Yuan Y,Mihalikova T / Nicholls O,1756479600,1.9,1.9
2025-08-29,14552672,"US Open, New York, USA, Doubles",WTA,Hard,Ruzic A / Schoofs B,Danilina A / Krunic A,1756485900,1.9,1.9
2025-08-29,14552696,"US Open, New York, USA, Doubles",WTA,Hard,Zhang S / Alexandrova E,Cristian J A / Moratelli A,1756480500,1.9,1.9
2025-08-29,14487487,"Como, Italy",Challenger,Hard,Gonzalo Bueno,Henri Squire,1756390500,1.9,1.9
2025-08-29,14487481,"Como, Italy",Challenger,Hard,Luka Mikrut,Carlo Alberto Caniato,1756381500,1.9,1.9
2025-08-29,14487476,"Como, Italy",Challenger,Hard,Raul Brancaccio,Alvaro Guillen Meza,1756377900,1.9,1.9
2025-08-29,14487488,"Como, Italy",Challenger,Hard,Nicolai Budkov Kjaer,Giovanni Fonio,1756397400,1.9,1.9
2025-08-29,14487475,"Como, Italy",Challenger,Hard,Duje Ajduković,Thiago Monteiro,1756472400,1.9,1.9
2025-08-29,14487486,"Como, Italy",Challenger,Hard,Juan Bautista Torres,Jacopo Berrettini,1756467900,1.9,1.9
2025-08-29,14487594,"Manacor, Spain",Challenger,Hard,Jay Dylan Hara Friend,Valentin Vacherot,1756378800,1.9,1.9
2025-08-29,14487592,"Manacor, Spain",Challenger,Hard,Sascha Gueymard Wayenburg,Edas Butvilas,1756392300,1.9,1.9
2025-08-29,14487597,"Manacor, Spain",Challenger,Hard,Stuart Parker,Jakub Paul,1756384200,1.9,1.9
2025-08-29,14487602,"Manacor, Spain",Challenger,Hard,Daniel Masur,Alberto Barroso Campos,1756386600,1.9,1.9
2025-08-29,14487595,"Manacor, Spain",Challenger,Hard,Harold Mayot,Adria Soriano Barrera,1756392000,1.9,1.9
2025-08-29,14487593,"Manacor, Spain",Challenger,Hard,Justin Engel,Jurij Rodionov,1756390200,1.9,1.9
2025-08-29,14487599,"Manacor, Spain",Challenger,Hard,Eliakim Coulibaly,Miguel Tobon,1756403400,1.9,1.9
2025-08-29,14487601,"Manacor, Spain",Challenger,Hard,Hamish Stewart,Daniel Rincon,1756398900,1.9,1.9
2025-08-29,14487557,"Zhangjiagang, China",Challenger,Hard,Ilia Simakin,Sho Shimabukuro,1756458000,1.9,1.9
2025-08-29,14487551,"Zhangjiagang, China",Challenger,Hard,Yasutaka Uchiyama,Kaichi Uchida,1756446300,1.9,1.9
2025-08-29,14487556,"Zhangjiagang, China",Challenger,Hard,Renta Tokuda,Oliver Crawford,1756467600,1.9,1.9
2025-08-29,14487554,"Zhangjiagang, China",Challenger,Hard,Sanhui Shin,Kokoro Isomura,1756465800,1.9,1.9
2025-08-29,14487515,"Porto 2, Portugal",Challenger,Hard,David Jorda Sanchis,Mika Brunold,1756373400,1.9,1.9
2025-08-29,14487530,"Porto 2, Portugal",Challenger,Hard,Francisco Rocha,Guy Den Ouden,1756391700,1.9,1.9
2025-08-29,14487516,"Porto 2, Portugal",Challenger,Hard,Frederico Ferreira Silva,Tiago Torres,1756396800,1.9,1.9
2025-08-29,14487528,"Porto 2, Portugal",Challenger,Hard,Nicolas Alvarez Varona,Gilles Arnaud Bailly,1756460700,1.9,1.9
2025-08-29,14487520,"Porto 2, Portugal",Challenger,Hard,Nikolas Sanchez Izquierdo,Alejandro Moro Canas,1756458000,1.9,1.9
2025-08-29,14487490,"Como, Italy, Doubles",Challenger,Hard,Martin A / Prihodko O,Cukierman D / Ingildsen J,1756389000,1.9,1.9
2025-08-29,14487495,"Como, Italy, Doubles",Challenger,Hard,Cornea V / Rodriguez Taverna S,Latinovic S / Ruehl T,1756386600,1.9,1.9
2025-08-29,14487493,"Como, Italy, Doubles",Challenger,Hard,Matuszewski P / Veldheer M,Barnat J / Duda F,1756383900,1.9,1.9
2025-08-29,14487492,"Como, Italy, Doubles",Challenger,Hard,Feldbausch K / Jacq G,Liutarevich I / Ricca G,1756445400,1.9,1.9
2025-08-29,14487609,"Manacor, Spain, Doubles",Challenger,Hard,Barroso Campos A / Soriano Barrera A,Alcantara F C / Loof T,1756388400,1.9,1.9
2025-08-29,14487610,"Manacor, Spain, Doubles",Challenger,Hard,Pichler D / Rodionov J,Gengel M / Poljak D,1756398600,1.9,1.9
2025-08-29,14487563,"Zhangjiagang, China, Doubles",Challenger,Hard,Castelnuovo L / Santillan A,Kusuhara Y / Uchida K,1756382400,1.9,1.9
2025-08-29,14487565,"Zhangjiagang, China, Doubles",Challenger,Hard,Isaro PR / Kaliyanda Poonacha N,Imamura M / Noguchi R,1756373700,1.9,1.9
2025-08-29,14487564,"Zhangjiagang, China, Doubles",Challenger,Hard,Castelnuovo L / Santillan A,Nam Ji / Yuzuki T,1756457400,1.9,1.9
2025-08-29,14487525,"Porto 2, Portugal, Doubles",Challenger,Hard,Hermans M / Poljicak M,Kielan S / Pieczonka F,1756393800,1.9,1.9
2025-08-29,14487523,"Porto 2, Portugal, Doubles",Challenger,Hard,Sabanov I / Sabanov M,Duncan S / Hands T,1756390800,1.9,1.9
2025-08-29,14487514,"Porto 2, Portugal, Doubles",Challenger,Hard,Merino A / Negritu C,Rocha F / Rocha H,1756383900,1.9,1.9
2025-08-29,14558728,ITF M15 Allershausen Men,ITF Men,Hard,Christian Wedel,Imanol Lopez Morillo,1756375200,1.9,1.9
2025-08-29,14558729,ITF M15 Allershausen Men,ITF Men,Hard,Sydney Zick,Adrian Oetzbach,1756377000,1.9,1.9
2025-08-29,14558731,ITF M15 Allershausen Men,ITF Men,Hard,Hazem Naw,Louis Van Herck,1756387800,1.9,1.9
2025-08-29,14558730,ITF M15 Allershausen Men,ITF Men,Hard,Mika Lipp,Flavio Bocci,1756388700,1.9,1.9
2025-08-29,14558514,ITF M15 Bucharest 4 Men,ITF Men,Hard,Uladzimir Ignatik,Cezar Cretu,1756377000,1.9,1.9
2025-08-29,14559643,ITF M15 Budapest Men,ITF Men,Hard,Pietro Fellin,Attila Dominik Boros,1756386900,1.9,1.9
2025-08-29,14557793,ITF M15 Budapest Men,ITF Men,Hard,Pietro Orlando Fellin,Attila Dominik Boros,1756387800,1.9,1.9
2025-08-29,14558607,ITF M15 Budapest Men,ITF Men,Hard,Seydina Andre,Liam Broady,1756374300,1.9,1.9
2025-08-29,14553197,ITF M15 Cap d'Agde Men,ITF Men,Hard,Amaury Raynel,Damien Salvestre,1756385100,1.9,1.9
2025-08-29,14558743,ITF M15 Cap d'Agde Men,ITF Men,Hard,Constantin Bittoun Kouzmine,Aaron Gil Garcia,1756371600,1.9,1.9
2025-08-29,14553200,ITF M15 Cap d'Agde Men,ITF Men,Hard,Tomas Rengel Sierra,Maxime Chazal,1756377900,1.9,1.9
2025-08-29,14558751,ITF M15 Forli Men,ITF Men,Hard,Daniele Rapagnetta,Lorenzo Beraldo,1756384200,1.9,1.9
2025-08-29,14558750,ITF M15 Forli Men,ITF Men,Hard,Kasra Rahmani,Pietro Romeo Scomparin,1756369800,1.9,1.9
2025-08-29,14558752,ITF M15 Forli Men,ITF Men,Hard,Giovanni Oradini,Jacopo Bilardo,1756375200,1.9,1.9
2025-08-29,14558753,ITF M15 Forli Men,ITF Men,Hard,Samuele Pieri,Nicola Rispoli,1756371600,1.9,1.9
2025-08-29,14558547,ITF M15 Monastir 34 Men,ITF Men,Hard,Mohamed Nazim Makhlouf,Samir Hamza Reguig,1756372500,1.9,1.9
2025-08-29,14558545,ITF M15 Monastir 34 Men,ITF Men,Hard,Nicolas Jadoun,Bogdan Seleznev,1756368900,1.9,1.9
2025-08-29,14558546,ITF M15 Monastir 34 Men,ITF Men,Hard,Stephane Pierre-Jo Kamendje,Maxence Rivet,1756372500,1.9,1.9
2025-08-29,14558770,ITF M15 Vienna Men,ITF Men,Hard,Radovan Michalik,Aleksandr Braynin,1756387800,1.9,1.9
2025-08-29,14558771,ITF M15 Vienna Men,ITF Men,Hard,Alen Mujakic,Patrick Jozwicki,1756375200,1.9,1.9
2025-08-29,14558404,ITF M25 Oldenzaal Men,ITF Men,Hard,John Sperle,Eric Vanshelboim,1756371600,1.9,1.9
2025-08-29,14558913,ITF M25 Oldenzaal Men,ITF Men,Hard,Buvaysar Gadamauri,Kylian Collignon,1756377900,1.9,1.9
2025-08-29,14558445,ITF M25 Oviedo Men,ITF Men,Hard,Carlos López Montagud,Javier Barranco Cosano,1756457100,1.9,1.9
2025-08-29,14558442,ITF M25 Oviedo Men,ITF Men,Hard,Gerard Campana Lee,P. Vives Marcos,1756445400,1.9,1.9
2025-08-29,14558444,ITF M25 Oviedo Men,ITF Men,Hard,Lorenzo Giustino,Ivan Marrero Curbelo,1756449900,1.9,1.9
2025-08-29,14558443,ITF M25 Oviedo Men,ITF Men,Hard,Michiel De Krom,Miguel Damas,1756445400,1.9,1.9
2025-08-29,14562117,ITF M25 Taipei 2 Men,ITF Men,Hard,Dane Sweeny,Soonwoo Kwon,1756437300,1.9,1.9
2025-08-29,14562118,ITF M25 Taipei 2 Men,ITF Men,Hard,Matthew Dellavedova,Yanki Erel,1756439100,1.9,1.9
2025-08-29,14564354,ITF M25 Taipei 2 Men,ITF Men,Hard,Yan Cheng Chen,Ryuki Matsuda,1756441800,1.9,1.9
2025-08-29,14562407,ITF M25 Taipei 2 Men,ITF Men,Hard,Yuki Mochizuki,Charles Broom,1756436400,1.9,1.9
2025-08-29,14558367,ITF M25 Trelew Men,ITF Men,Hard,Fernando Cavallo,Gonzalo Villanueva,1756386900,1.9,1.9
2025-08-29,14558911,ITF M25 Trelew Men,ITF Men,Hard,Hernan Casanova,Lautaro Agustin Falabella,1756387800,1.9,1.9
2025-08-29,14559331,ITF M25 Trelew Men,ITF Men,Hard,Juan Manuel La Serna,Santiago De la Fuente,1756392300,1.9,1.9
2025-08-29,14559007,ITF M25 Trelew Men,ITF Men,Hard,Nicolas Villalon,Samir Banerjee,1756401300,1.9,1.9
2025-08-29,14558891,ITF W15 Kaltenkirchen Women,ITF Women,Hard,Claudia Gasparovic,Tamila Gadamauri,1756381500,1.9,1.9
2025-08-29,14558893,ITF W15 Kaltenkirchen Women,ITF Women,Hard,Filippa Stieg,Marie Mettraux,1756385100,1.9,1.9
2025-08-29,14558897,ITF W15 Kaltenkirchen Women,ITF Women,Hard,Liel Rothensteiner,Polina Skliar,1756378800,1.9,1.9
2025-08-29,14558896,ITF W15 Kaltenkirchen Women,ITF Women,Hard,Marta Soriano Santiago,Julia Victoria Rennert,1756373400,1.9,1.9
2025-08-29,14558892,ITF W15 Kaltenkirchen Women,ITF Women,Hard,Phillippa Preugschat,Andrea Petkovic,1756386900,1.9,1.9
2025-08-29,14559659,ITF W15 Kaltenkirchen Women,ITF Women,Hard,Phillippa Preugschat,Anna Petkovic,1756387800,1.9,1.9
2025-08-29,14558890,ITF W15 Kaltenkirchen Women,ITF Women,Hard,Tessa Johanna Brockmann,Philippa Faerber,1756384200,1.9,1.9
2025-08-29,14558894,ITF W15 Kaltenkirchen Women,ITF Women,Hard,Barbora Michalkova,Laura Böhner,1756387800,1.9,1.9
2025-08-29,14558895,ITF W15 Kaltenkirchen Women,ITF Women,Hard,Johanna Silva,Ella Haavisto,1756380600,1.9,1.9
2025-08-29,14564321,ITF W15 Luan 7 Women,ITF Women,Hard,Jana Kolodynska,Kayo Nishimura,1756425600,1.9,1.9
2025-08-29,14564323,ITF W15 Luan 7 Women,ITF Women,Hard,Jiaqi Wang,Yufei Ren,1756421100,1.9,1.9
2025-08-29,14564322,ITF W15 Luan 7 Women,ITF Women,Hard,Meng Yi Chen,Yanan Hou,1756423800,1.9,1.9
2025-08-29,14564333,ITF W15 Luan 7 Women,ITF Women,Hard,Shiho Tsujioka,Meiling Wang,1756436400,1.9,1.9
2025-08-29,14558874,ITF W15 Monastir 33 Women,ITF Women,Hard,Carolyn Ansari,Sofia Alekseeva,1756371600,1.9,1.9
2025-08-29,14558877,ITF W15 Monastir 33 Women,ITF Women,Hard,Caterina Odorizzi,Clarissa Blomqvist,1756380600,1.9,1.9
2025-08-29,14558876,ITF W15 Monastir 33 Women,ITF Women,Hard,Lan Mi,Sasha Natalie Chimedza,1756375200,1.9,1.9
2025-08-29,14552703,ITF M15 Allershausen Men Doubles,ITF Men,Hard,Hohmann R / van Herck L,Thurner D / Thurner N,1756376100,1.9,1.9
2025-08-29,14558732,ITF M15 Allershausen Men Doubles,ITF Men,Hard,Reinhard B J / Sickenberger T,Oetzbach A / Schifris J,1756386000,1.9,1.9
2025-08-29,14559653,ITF M15 Allershausen Men Doubles,ITF Men,Hard,Reinhard B J / Sickenberger T,Oetzbach A / Schiavetti P,1756392300,1.9,1.9
2025-08-29,14558522,ITF M15 Bucharest 4 Men Doubles,ITF Men,Hard,Farjat T / Tenti F,Chirita I A / Guna R,1756375200,1.9,1.9
2025-08-29,14558523,ITF M15 Bucharest 4 Men Doubles,ITF Men,Hard,Andreescu S A / Cazacu D N,Bellifemine A / Pieleanu R T,1756390500,1.9,1.9
2025-08-29,14557925,ITF M15 Budapest Men Doubles,ITF Men,Hard,Maggs A / Sallay P,Castagnola L / Fondriest M,1756373400,1.9,1.9
2025-08-29,14557936,ITF M15 Budapest Men Doubles,ITF Men,Hard,Efstathiou M / Neos E,Ambarzumjan E / Campbell N,1756378800,1.9,1.9
2025-08-29,14557937,ITF M15 Budapest Men Doubles,ITF Men,Hard,Keki M / Voros M,Fuele M / Madarasz G,1756386000,1.9,1.9
2025-08-29,14557938,ITF M15 Budapest Men Doubles,ITF Men,Hard,Kisantal B / Makk P,Hurrion M / Summers M,1756377000,1.9,1.9
2025-08-29,14558746,ITF M15 Cap d'Agde Men Doubles,ITF Men,Hard,Beauge M / Bouquet L,Paganetti V / Ruscica A,1756382400,1.9,1.9
2025-08-29,14558745,ITF M15 Cap d'Agde Men Doubles,ITF Men,Hard,Garcian A / Ghazouani Durand Y,Kaliterna A / Verthaimer I,1756377000,1.9,1.9
2025-08-29,14558747,ITF M15 Cap d'Agde Men Doubles,ITF Men,Hard,Krizan R / Laukys T,Pietri B / Scaglia M,1756376100,1.9,1.9
2025-08-29,14558748,ITF M15 Cap d'Agde Men Doubles,ITF Men,Hard,Lhomond I / van Donselaar F,Bouchelaghem C / Covato M,1756384200,1.9,1.9
2025-08-29,14558754,ITF M15 Forli Men Doubles,ITF Men,Hard,Badini S / Scomparin P R,Rahmani K / Rapagnetta D,1756384200,1.9,1.9
2025-08-29,14558755,ITF M15 Forli Men Doubles,ITF Men,Hard,Bilardo J / Ciavarella N,Beraldo L / Comino L,1756377000,1.9,1.9
2025-08-29,14560796,ITF M15 Maanshan 7 Men Doubles,ITF Men,Hard,Woo Cho S / Yang Z,Chen Y C / Wang K-I,1756406700,1.9,1.9
2025-08-29,14558591,ITF M15 Monastir 34 Men Doubles,ITF Men,Hard,Allen L / McLennaghan W,Forcano I / Murgett F,1756390500,1.9,1.9
2025-08-29,14558592,ITF M15 Monastir 34 Men Doubles,ITF Men,Hard,Chopra K / Flores J,Leather J / Stice T,1756376100,1.9,1.9
2025-08-29,14558593,ITF M15 Monastir 34 Men Doubles,ITF Men,Hard,Gretskiy I / Robert N,Molder M / Troost S,1756389600,1.9,1.9
2025-08-29,14558594,ITF M15 Monastir 34 Men Doubles,ITF Men,Hard,Nagoudi A / Sahtali T,Oueslati M A / Snoussi I,1756389600,1.9,1.9
2025-08-29,14558779,ITF M15 Vienna Men Doubles,ITF Men,Hard,Casso A / Rodriguez-Pace R,Kellovsky D / Stolarik S,1756378800,1.9,1.9
2025-08-29,14558782,ITF M15 Vienna Men Doubles,ITF Men,Hard,Graski J / Oberleitner N,Haliak M / Lazic M,1756390500,1.9,1.9
2025-08-29,14558780,ITF M15 Vienna Men Doubles,ITF Men,Hard,Berenz B / Fischer F,Dean T / Tripathi A,1756386000,1.9,1.9
2025-08-29,14558781,ITF M15 Vienna Men Doubles,ITF Men,Hard,Hipfl N / Ramskogler G,Pinter P L / Wagner A,1756388700,1.9,1.9
2025-08-29,14558450,ITF M25 Oviedo Men Doubles,ITF Men,Hard,Almazan Valiente I / Lazaro Juncadella M,Vives Marcos P / Winter López B,1756449000,1.9,1.9
2025-08-29,14558451,ITF M25 Oviedo Men Doubles,ITF Men,Hard,Izquierdo Luque R / Marrero Curbelo I,Dominguez Alonso J / Turriziani Alvarez A,1756458900,1.9,1.9
2025-08-29,14564358,ITF M25 Taipei 2 Men Doubles,ITF Men,Hard,Chung Y S / Mochizuki Y,Ayeni A / Cook E,1756431000,1.9,1.9
2025-08-29,14564359,ITF M25 Taipei 2 Men Doubles,ITF Men,Hard,Lee K / Lin N H,Ichikawa T / Matsuda R,1756426500,1.9,1.9
2025-08-29,14559626,ITF M25 Trelew Men Doubles,ITF Men,Hard,Bancalari A / Villalon Valdes N,Bruna N / Salvo M M,1756386000,1.9,1.9
2025-08-29,14551775,ITF M25 Trelew Men Doubles,ITF Men,Hard,Banerjee S / Schachter N,Del Pino M / La Serna J M,1756377000,1.9,1.9
2025-08-29,14559627,ITF M25 Trelew Men Doubles,ITF Men,Hard,Basel V / Ribero F,Fernandez B / Kirchheimer S,1756390500,1.9,1.9
2025-08-29,14561170,ITF M25 Trelew Men Doubles,ITF Men,Hard,Bancalari A / Villalon N,Bruna N / Salvo M M,1756406700,1.9,1.9
2025-08-29,14559629,ITF M25 Trelew Men Doubles,ITF Men,Hard,Casanova H / Zarate C M,de la Fuente S / Falabella L A,1756407600,1.9,1.9
2025-08-29,14558857,ITF W15 Ankara 2 Women Doubles,ITF Women,Hard,Anane S / Saner J,Herazo Gonzalez M / Zaparyniuk A,1756380600,1.9,1.9
2025-08-29,14558858,ITF W15 Ankara 2 Women Doubles,ITF Women,Hard,Atay S / Lachinova A,Mdlulwa W / Mdlulwa W,1756383300,1.9,1.9
2025-08-29,14558859,ITF W15 Ankara 2 Women Doubles,ITF Women,Hard,Easwaramurthi A / Khayndrava I,Evtimova D / Vaissaud D,1756390500,1.9,1.9
2025-08-29,14558860,ITF W15 Ankara 2 Women Doubles,ITF Women,Hard,Golovina M / Kuzmova K,Aydemir D / Farzami M,1756392300,1.9,1.9
2025-08-29,14558907,ITF W15 Kaltenkirchen Women Doubles,ITF Women,Hard,Coppez K / Gadamauri T,Mettraux M / Petretic L,1756389600,1.9,1.9
2025-08-29,14558908,ITF W15 Kaltenkirchen Women Doubles,ITF Women,Hard,Petkovic A / Pribylova A,Brockmann T / Preugschat P,1756392300,1.9,1.9
2025-08-29,14558879,ITF W15 Monastir 33 Women Doubles,ITF Women,Hard,John-Baptiste L / Milovanovic E,Kashyap H / Zaremba M,1756379700,1.9,1.9
2025-08-29,14558881,ITF W15 Monastir 33 Women Doubles,ITF Women,Hard,McBride J / Poling L,Mihail D M / Verster N,1756383300,1.9,1.9
2025-08-29,14558882,ITF W15 Monastir 33 Women Doubles,ITF Women,Hard,Rassil R / Tahiri M,Odorizzi C / Osterreicher M,1756386900,1.9,1.9
2025-08-29,14558880,ITF W15 Monastir 33 Women Doubles,ITF Women,Hard,Soussi L / Van Poppel E,Bosman C / Veldman K,1756394100,1.9,1.9
2025-08-29,14558824,ITF W35 Trieste Women Doubles,ITF Women,Hard,Basiletti N / Maduzzi G,De Stefano S / Mazzola A,1756454400,1.9,1.9
2025-08-29,14558825,ITF W35 Trieste Women Doubles,ITF Women,Hard,Corvi A / Ruggeri J,Alvisi E / Chiesa E,1756449000,1.9,1.9
2025-08-29,14558827,ITF W35 Verbier 2 Women Doubles,ITF Women,Hard,Dencheva R / Stankiewicz M,Lemaitre T / Smith T N,1756454400,1.9,1.9
2025-08-29,14558828,ITF W35 Verbier 2 Women Doubles,ITF Women,Hard,Grammatikopoulou V / Marcinkevica D,Vogt M / Voracek E M,1756454400,1.9,1.9
2025-08-29,14558806,ITF W50 Bytom Women Doubles,ITF Women,Hard,Feistel G / Hindova D,Gamiz A / Vedder E,1756372500,1.9,1.9
2025-08-29,14558795,ITF W50 Bytom Women Doubles,ITF Women,Hard,Cortez Llorca L / Zavatska K,Brune A / Firman A,1756391400,1.9,1.9
2025-08-29,14558818,ITF W50 Oldenzaal Women Doubles,ITF Women,Hard,Daems J / Schmidt A,Noha Akugue N / Oz I,1756397700,1.9,1.9
2025-08-29,14558819,ITF W50 Oldenzaal Women Doubles,ITF Women,Hard,Ebeling Koning L / Van Den Broek I,Kazionova E / Tikhonova A,1756394100,1.9,1.9
2025-08-29,14512827,"UTR PTT Bali Men +H 02, Group A",UTR Men,Hard,Alexander Klintcharov,Tegar Abdi Satrio Wibowo,1756436100,1.9,1.9
2025-08-29,14512856,"UTR PTT Bali Men +H 02, Group A",UTR Men,Hard,Rodion Malmygin,Stefan Menichella,1756434300,1.9,1.9
2025-08-29,14512960,"UTR PTT Bali Men +H 02, Group B",UTR Men,Hard,Eric Tripathi,Renaldi Aqila A Salim,1756430100,1.9,1.9
2025-08-29,14512955,"UTR PTT Bali Men +H 02, Group B",UTR Men,Hard,Stefan Storch,Anthony Susanto,1756427400,1.9,1.9
2025-08-29,14512964,"UTR PTT Bali Men +H 02, Group C",UTR Men,Hard,Diogo Morais,Maan Kesharwani,1756443300,1.9,1.9
2025-08-29,14512983,"UTR PTT Bali Men +H 02, Group C",UTR Men,Hard,Vadym Konovchuk,Yash Yadav,1756447800,1.9,1.9
2025-08-29,14512968,"UTR PTT Bali Men +H 02, Group D",UTR Men,Hard,Cian Maguire,Ajay Malik,1756451700,1.9,1.9
2025-08-29,14512966,"UTR PTT Bali Men +H 02, Group D",UTR Men,Hard,Joao Graca,Patricio Alvarado,1756446300,1.9,1.9
2025-08-29,14520559,"UTR PTT Boise Men 02, Group A",UTR Men,Hard,Karl Poling,Julius Seifert,1756408500,1.9,1.9
2025-08-29,14520555,"UTR PTT Boise Men 02, Group A",UTR Men,Hard,Liam Spiers,Lukas Velik,1756411800,1.9,1.9
2025-08-29,14520539,"UTR PTT Boise Men 02, Group A",UTR Men,Hard,Adam Duda,Julius Seifert,1756488600,1.9,1.9
2025-08-29,14520529,"UTR PTT Boise Men 02, Group A",UTR Men,Hard,Karl Poling,Lukas Velik,1756480500,1.9,1.9
2025-08-29,14520531,"UTR PTT Boise Men 02, Group B",UTR Men,Hard,Tannor Binder,Theo Coats,1756405800,1.9,1.9
2025-08-29,14520558,"UTR PTT Boise Men 02, Group B",UTR Men,Hard,Andre Alcantara,Taiyo Kurata,1756401000,1.9,1.9
2025-08-29,14520534,"UTR PTT Boise Men 02, Group B",UTR Men,Hard,Filip Soderqvist,Theo Coats,1756492200,1.9,1.9
2025-08-29,14520547,"UTR PTT Boise Men 02, Group B",UTR Men,Hard,Tannor Binder,Taiyo Kurata,1756476000,1.9,1.9
2025-08-29,14520548,"UTR PTT Boise Men 02, Group C",UTR Men,Hard,Idriss Haddouch,Avery Tallakson,1756406700,1.9,1.9
2025-08-29,14520536,"UTR PTT Boise Men 02, Group C",UTR Men,Hard,John Chin,Ryoma Mishiro,1756404600,1.9,1.9
2025-08-29,14520523,"UTR PTT Boise Men 02, Group C",UTR Men,Hard,Idriss Haddouch,Ryoma Mishiro,1756484100,1.9,1.9
2025-08-29,14520524,"UTR PTT Boise Men 02, Group C",UTR Men,Hard,Vincent Yang,Avery Tallakson,1756474200,1.9,1.9
2025-08-29,14520533,"UTR PTT Boise Men 02, Group D",UTR Men,Hard,Dylan Charlap,Stewart Aronson,1756393200,1.9,1.9
2025-08-29,14540724,"UTR PTT Boise Men 02, Group D",UTR Men,Hard,Samuel Rovai,Brayden Tallakson,1756392000,1.9,1.9
2025-08-29,14520541,"UTR PTT Boise Men 02, Group D",UTR Men,Hard,Carson Baker,Stewart Aronson,1756491300,1.9,1.9
2025-08-29,14540721,"UTR PTT Boise Men 02, Group D",UTR Men,Hard,Dylan Charlap,Brayden Tallakson,1756492200,1.9,1.9
2025-08-29,14560196,"UTR PTT Gold Coast Men 02, 1-4 Playoff",UTR Men,Hard,Matthew Burton,Zane Stevens,1756417500,1.9,1.9
2025-08-29,14560195,"UTR PTT Gold Coast Men 02, 1-4 Playoff",UTR Men,Hard,Scott Jones,Noah Brownrigg,1756418100,1.9,1.9
2025-08-29,14560291,"UTR PTT Gold Coast Men 02, 5-8 Playoff",UTR Men,Hard,Lachlan McFadzean,Chase Zhao,1756435200,1.9,1.9
2025-08-29,14560290,"UTR PTT Gold Coast Men 02, 5-8 Playoff",UTR Men,Hard,Sam Oster,Zachary Adam-Gedge,1756429200,1.9,1.9
2025-08-29,14560376,"UTR PTT Gold Coast Men 02, 9-12 Playoff",UTR Men,Hard,Cameron Burton,Cade Birrell,1756425600,1.9,1.9
2025-08-29,14560289,"UTR PTT Gold Coast Men 02, 9-12 Playoff",UTR Men,Hard,Tomislav Edward Papac,Alexey Shtengelov,1756425600,1.9,1.9
2025-08-29,14560292,"UTR PTT Gold Coast Men 02, 13-16 Playoff",UTR Men,Hard,Haruto Ishikawa,Kye Bennett,1756347000,1.9,1.9
2025-08-29,14560350,"UTR PTT Gold Coast Men 02, 13-16 Playoff",UTR Men,Hard,Ethan Connelly,Kuma Ito,1756426500,1.9,1.9
2025-08-29,14518490,"UTR PTT Knoxville Men 03, Group A",UTR Men,Hard,Ashton Adesoro,Murilo Antunes Burckhardt,1756402800,1.9,1.9
2025-08-29,14550141,"UTR PTT Knoxville Men 03, Group A",UTR Men,Hard,Alexander Kotzen,Piotr Siekanowicz,1756395000,1.9,1.9
2025-08-29,14518502,"UTR PTT Knoxville Men 03, Group A",UTR Men,Hard,Alejandro Moreno,Murilo Antunes Burckhardt,1756470600,1.9,1.9
2025-08-29,14518487,"UTR PTT Knoxville Men 03, Group A",UTR Men,Hard,Ashton Adesoro,Piotr Siekanowicz,1756471500,1.9,1.9
2025-08-29,14518492,"UTR PTT Knoxville Men 03, Group B",UTR Men,Hard,Jose Garcia,Daniil Kakhniuk,1756386900,1.9,1.9
2025-08-29,14518505,"UTR PTT Knoxville Men 03, Group B",UTR Men,Hard,Aleksandr Kalinin,Ethan Muza,1756404600,1.9,1.9
2025-08-29,14518493,"UTR PTT Knoxville Men 03, Group B",UTR Men,Hard,Aleksandr Kalinin,Daniil Kakhniuk,1756481400,1.9,1.9
2025-08-29,14518494,"UTR PTT Knoxville Men 03, Group B",UTR Men,Hard,Alex Alvarez Moreno,Ethan Muza,1756482300,1.9,1.9
2025-08-29,14527697,"UTR PTT Knoxville Men 03, Group C",UTR Men,Hard,Rahul Sachdev,Adrien Jonah Abarca,1756396500,1.9,1.9
2025-08-29,14518496,"UTR PTT Knoxville Men 03, Group C",UTR Men,Hard,Alex Kuperstein,Jan Kobierski,1756395000,1.9,1.9
2025-08-29,14527698,"UTR PTT Knoxville Men 03, Group C",UTR Men,Hard,Rahul Sachdev,Jan Kobierski,1756479600,1.9,1.9
2025-08-29,14518514,"UTR PTT Knoxville Men 03, Group C",UTR Men,Hard,William Freshwater,Adrien Jonah Abarca,1756473300,1.9,1.9
2025-08-29,14518501,"UTR PTT Knoxville Men 03, Group D",UTR Men,Hard,Miles Groom,Lucas Bitzer,1756384200,1.9,1.9
2025-08-29,14518489,"UTR PTT Knoxville Men 03, Group D",UTR Men,Hard,Boruch Skierkier,Woohyuk Chang,1756402800,1.9,1.9
2025-08-29,14518751,"UTR PTT Knoxville Men 03, Group D",UTR Men,Hard,Arjun Prabhakar,Woohyuk Chang,1756481400,1.9,1.9
2025-08-29,14518507,"UTR PTT Knoxville Men 03, Group D",UTR Men,Hard,Boruch Skierkier,Lucas Bitzer,1756485000,1.9,1.9
2025-08-29,14557483,"UTR PTT Olomouc Men 06, Group A",UTR Men,Hard,Leonardo Mileikowsky,Sebastian Chodura,1756374900,1.9,1.9
2025-08-29,14516739,"UTR PTT Olomouc Men 06, Group A",UTR Men,Hard,Daniel Siniakov,Adam Jurajda,1756381200,1.9,1.9
2025-08-29,14516773,"UTR PTT Olomouc Men 06, Group A",UTR Men,Hard,Daniel Siniakov,Robert Rumler,1756449000,1.9,1.9
2025-08-29,14516742,"UTR PTT Olomouc Men 06, Group A",UTR Men,Hard,Leonardo Mileikowsky,Robert Rumler,1756457100,1.9,1.9
2025-08-29,14557482,"UTR PTT Olomouc Men 06, Group A",UTR Men,Hard,Daniel Siniakov,Sebastian Chodura,1756454400,1.9,1.9
2025-08-29,14516772,"UTR PTT Olomouc Men 06, Group A",UTR Men,Hard,Elisha Thornton,Adam Jurajda,1756465200,1.9,1.9
2025-08-29,14516756,"UTR PTT Olomouc Men 06, Group B",UTR Men,Hard,Dominik Recek,Piotr Galus,1756380600,1.9,1.9
2025-08-29,14516761,"UTR PTT Olomouc Men 06, Group B",UTR Men,Hard,Vitek Horak,Piotr Galus,1756446300,1.9,1.9
2025-08-29,14516769,"UTR PTT Olomouc Men 06, Group B",UTR Men,Hard,Dominik Recek,Patrik Homola,1756461600,1.9,1.9
2025-08-29,14516766,"UTR PTT Olomouc Men 06, Group C",UTR Men,Hard,Stepan Baum,David Schwarc,1756372800,1.9,1.9
2025-08-29,14553099,"UTR PTT Olomouc Men 06, Group C",UTR Men,Hard,Leo Pade,David Schwarc,1756444500,1.9,1.9
2025-08-29,14516750,"UTR PTT Olomouc Men 06, Group C",UTR Men,Hard,Stepan Baum,David Knesl,1756461600,1.9,1.9
2025-08-29,14516771,"UTR PTT Olomouc Men 06, Group D",UTR Men,Hard,Nikolaj Katic,Gabriel Matuszewski,1756459800,1.9,1.9
2025-08-29,14516777,"UTR PTT Olomouc Men 06, Group D",UTR Men,Hard,Sebastian Prechtel,Egor Matvievici,1756463400,1.9,1.9
2025-08-29,14558653,"UTR PTT San Diego Men 02, Group A",UTR Men,Hard,Colson Wells,Santiago Giamichelle,1756492200,1.9,1.9
2025-08-29,14558654,"UTR PTT San Diego Men 02, Group A",UTR Men,Hard,Miles Jones,Felipe Pinzon Moreno,1756481400,1.9,1.9
2025-08-29,14558667,"UTR PTT San Diego Men 02, Group B",UTR Men,Hard,Calvin Baierl,Tanapatt Nirundorn,1756498500,1.9,1.9
2025-08-29,14558664,"UTR PTT San Diego Men 02, Group B",UTR Men,Hard,Aleksa Ciric,Azariah Rusher,1756506600,1.9,1.9
2025-08-29,14558651,"UTR PTT San Diego Men 02, Group C",UTR Men,Hard,JanMagnus Johnson,Elias Shokry,1756484100,1.9,1.9
2025-08-29,14558652,"UTR PTT San Diego Men 02, Group C",UTR Men,Hard,Landon Ardila,Carter Pate,1756490400,1.9,1.9
2025-08-29,14558673,"UTR PTT San Diego Men 02, Group C",UTR Men,Hard,Elias Shokry,Landon Ardila,1756505700,1.9,1.9
2025-08-29,14558660,"UTR PTT San Diego Men 02, Group C",UTR Men,Hard,JanMagnus Johnson,Carter Pate,1756503900,1.9,1.9
2025-08-29,14558657,"UTR PTT San Diego Men 02, Group D",UTR Men,Hard,Agustin Mastri,Derrick Chen,1756483200,1.9,1.9
2025-08-29,14558655,"UTR PTT San Diego Men 02, Group D",UTR Men,Hard,Matic Kriznik,Joaquin Benoit,1756494000,1.9,1.9
2025-08-29,14558659,"UTR PTT San Diego Men 02, Group D",UTR Men,Hard,Agustin Mastri,Joaquin Benoit,1756499400,1.9,1.9
2025-08-29,14558656,"UTR PTT San Diego Men 02, Group D",UTR Men,Hard,Derrick Chen,Matic Kriznik,1756514700,1.9,1.9
2025-08-29,14516898,"UTR PTT Boise Women 02, Group A",UTR Women,Hard,Ava Markham,Paula Schaefer,1756388700,1.9,1.9
2025-08-29,14518758,"UTR PTT Boise Women 02, Group A",UTR Women,Hard,Stella Beldiman,Ariane Lesterhuis,1756408200,1.9,1.9
2025-08-29,14516909,"UTR PTT Boise Women 02, Group A",UTR Women,Hard,Stella Beldiman,Paula Schaefer,1756488600,1.9,1.9
2025-08-29,14518756,"UTR PTT Boise Women 02, Group A",UTR Women,Hard,Waverly Potter,Ariane Lesterhuis,1756488600,1.9,1.9
2025-08-29,14516900,"UTR PTT Boise Women 02, Group B",UTR Women,Hard,Tereza Polakova,Selma Stefania Cadar,1756397700,1.9,1.9
2025-08-29,14518762,"UTR PTT Boise Women 02, Group B",UTR Women,Hard,Avery Olsen,Ryan Kershner,1756405800,1.9,1.9
2025-08-29,14516912,"UTR PTT Boise Women 02, Group B",UTR Women,Hard,Tereza Polakova,Ryan Kershner,1756398600,1.9,1.9
2025-08-29,14559041,"UTR PTT Boise Women 02, Group B",UTR Women,Hard,Avery Olsen,Nikoline Gullacksen,1756402800,1.9,1.9
2025-08-29,14516901,"UTR PTT Boise Women 02, Group B",UTR Women,Hard,Olive Maunupau,Selma Stefania Cadar,1756492200,1.9,1.9
2025-08-29,14559042,"UTR PTT Boise Women 02, Group B",UTR Women,Hard,Tereza Polakova,Nikoline Gullacksen,1756485900,1.9,1.9
2025-08-29,14516899,"UTR PTT Boise Women 02, Group C",UTR Women,Hard,Autumn Rabjohns,Masa Viriant,1756391400,1.9,1.9
2025-08-29,14516905,"UTR PTT Boise Women 02, Group C",UTR Women,Hard,Lily Revak,Ella Piron,1756411200,1.9,1.9
2025-08-29,14516917,"UTR PTT Boise Women 02, Group C",UTR Women,Hard,Adesuwa Osabuohien,Ella Piron,1756478700,1.9,1.9
2025-08-29,14516892,"UTR PTT Boise Women 02, Group C",UTR Women,Hard,Lily Revak,Masa Viriant,1756476000,1.9,1.9
2025-08-29,14516920,"UTR PTT Boise Women 02, Group D",UTR Women,Hard,Miruna Scarlat,Allison Nicole Isaacs,1756396500,1.9,1.9
2025-08-29,14518755,"UTR PTT Boise Women 02, Group D",UTR Women,Hard,Sophia Dumitrascu,Amiya Bowles,1756408500,1.9,1.9
2025-08-29,14518761,"UTR PTT Boise Women 02, Group D",UTR Women,Hard,Polina Marakhtanova,Amiya Bowles,1756483200,1.9,1.9
2025-08-29,14516915,"UTR PTT Boise Women 02, Group D",UTR Women,Hard,Sophia Dumitrascu,Allison Nicole Isaacs,1756475100,1.9,1.9
2025-08-29,14520693,"UTR PTT Knoxville Women 03, Group A",UTR Women,Hard,Dalayna Hewitt,Tanika Saravanan,1756388700,1.9,1.9
2025-08-29,14520694,"UTR PTT Knoxville Women 03, Group A",UTR Women,Hard,Gabriella Rawles,Reese Frank,1756396500,1.9,1.9
2025-08-29,14520692,"UTR PTT Knoxville Women 03, Group A",UTR Women,Hard,Dalayna Hewitt,Reese Frank,1756476900,1.9,1.9
2025-08-29,14520695,"UTR PTT Knoxville Women 03, Group A",UTR Women,Hard,Saray Yli-Piipari,Tanika Saravanan,1756470600,1.9,1.9
2025-08-29,14520493,"UTR PTT Knoxville Women 03, Group B",UTR Women,Hard,Neena Feldman,Yuliya Hatouka,1756404600,1.9,1.9
2025-08-29,14520497,"UTR PTT Knoxville Women 03, Group B",UTR Women,Hard,Yilin Yan,Karma Yacavino,1756412700,1.9,1.9
2025-08-29,14520496,"UTR PTT Knoxville Women 03, Group B",UTR Women,Hard,Alden Russell,Karma Yacavino,1756472400,1.9,1.9
2025-08-29,14520495,"UTR PTT Knoxville Women 03, Group B",UTR Women,Hard,Yilin Yan,Yuliya Hatouka,1756470600,1.9,1.9
2025-08-29,14542447,"UTR PTT Knoxville Women 03, Group C",UTR Women,Hard,Alyson Shannon,Leyla Fiorella Britez Risso,1756401300,1.9,1.9
2025-08-29,14542446,"UTR PTT Knoxville Women 03, Group C",UTR Women,Hard,Briley Rhoden,Alaina Lisanti,1756410300,1.9,1.9
2025-08-29,14559605,"UTR PTT Knoxville Women 03, Group C",UTR Women,Hard,Katya Shepherd Johnson,Alaina Lisanti,1756396800,1.9,1.9
2025-08-29,14542445,"UTR PTT Knoxville Women 03, Group C",UTR Women,Hard,Briley Rhoden,Leyla Fiorella Britez Risso,1756476000,1.9,1.9
2025-08-29,14542449,"UTR PTT Knoxville Women 03, Group C",UTR Women,Hard,Carlota Moreno,Alaina Lisanti,1756480500,1.9,1.9
2025-08-29,14559604,"UTR PTT Knoxville Women 03, Group C",UTR Women,Hard,Katya Shepherd Johnson,Leyla Fiorella Britez Risso,1756477800,1.9,1.9
2025-08-29,14520699,"UTR PTT Knoxville Women 03, Group D",UTR Women,Hard,Sara Nayar,Amy Lee,1756384200,1.9,1.9
2025-08-29,14520511,"UTR PTT Knoxville Women 03, Group D",UTR Women,Hard,Julia Adams,Francesca Mattioli,1756400100,1.9,1.9
2025-08-29,14520698,"UTR PTT Knoxville Women 03, Group D",UTR Women,Hard,Rutuja Chaphalkar,Amy Lee,1756474200,1.9,1.9
2025-08-29,14520508,"UTR PTT Knoxville Women 03, Group D",UTR Women,Hard,Sara Nayar,Francesca Mattioli,1756475100,1.9,1.9
2025-08-29,14516817,"UTR PTT Olomouc Women 05, Group A",UTR Women,Hard,Aneta Poborilova,Aneta Holubova,1756445400,1.9,1.9
2025-08-29,14516795,"UTR PTT Olomouc Women 05, Group A",UTR Women,Hard,Natalie Salkova,Sofia Milatova,1756457100,1.9,1.9
2025-08-29,14516813,"UTR PTT Olomouc Women 05, Group B",UTR Women,Hard,Nikola Koprivova,Nela Linhartova,1756453500,1.9,1.9
2025-08-29,14516804,"UTR PTT Olomouc Women 05, Group B",UTR Women,Hard,Valentina Vachkova,Magdalena Smekalova,1756449000,1.9,1.9
2025-08-29,14564651,"UTR PTT Olomouc Women 05, Group B",UTR Women,Hard,Viktorie Zidelova,Nela Linhartova,1756454400,1.9,1.9
2025-08-29,14516806,"UTR PTT Olomouc Women 05, Group C",UTR Women,Hard,Karina Dunda,Simona Wirglerova,1756377300,1.9,1.9
2025-08-29,14545248,"UTR PTT Olomouc Women 05, Group C",UTR Women,Hard,Karina Dunda,Izabela Heinzova,1756444500,1.9,1.9
2025-08-29,14518745,"UTR PTT Olomouc Women 05, Group C",UTR Women,Hard,Veronika Sekerkova,Simona Wirglerova,1756450800,1.9,1.9
2025-08-29,14516807,"UTR PTT Olomouc Women 05, Group D",UTR Women,Hard,Beata Havlickova,Denise Hrdinkova,1756457100,1.9,1.9
2025-08-29,14516789,"UTR PTT Olomouc Women 05, Group D",UTR Women,Hard,Kiara Zabkova,Gabriela Skrabalova,1756443600,1.9,1.9
2025-08-29,14558683,"UTR PTT San Diego Women 02, Group A",UTR Women,Hard,Zoe Hammond,Jaedan Brown,1756496700,1.9,1.9
2025-08-29,14558692,"UTR PTT San Diego Women 02, Group A",UTR Women,Hard,Virginia Crocker,Alicia Herrero Linana,1756502700,1.9,1.9
2025-08-29,14558686,"UTR PTT San Diego Women 02, Group B",UTR Women,Hard,Maria Fernanda Navarro Oliva,Rhiann Newborn,1756505400,1.9,1.9
2025-08-29,14558693,"UTR PTT San Diego Women 02, Group B",UTR Women,Hard,Shona Nakano,Robin Anderson,1756490100,1.9,1.9
2025-08-29,14558676,"UTR PTT San Diego Women 02, Group C",UTR Women,Hard,Alana Boyce,Kailey Evans,1756488600,1.9,1.9
2025-08-29,14558689,"UTR PTT San Diego Women 02, Group C",UTR Women,Hard,Ariana Anazagasty-Pursoo,Alina Shcherbinina,1756494900,1.9,1.9
2025-08-29,14558687,"UTR PTT San Diego Women 02, Group C",UTR Women,Hard,Alana Boyce,Alina Shcherbinina,1756503900,1.9,1.9
2025-08-29,14558688,"UTR PTT San Diego Women 02, Group C",UTR Women,Hard,Kailey Evans,Ariana Anazagasty-Pursoo,1756516500,1.9,1.9
2025-08-29,14558698,"UTR PTT San Diego Women 02, Group D",UTR Women,Hard,Alejandra Cruz,Riley Crowder,1756495800,1.9,1.9
2025-08-29,14558696,"UTR PTT San Diego Women 02, Group D",UTR Women,Hard,Veronica Miroshnichenko,Ava Esposito Cogan,1756485000,1.9,1.9
2025-08-29,14558695,"UTR PTT San Diego Women 02, Group D",UTR Women,Hard,Ava Esposito Cogan,Alejandra Cruz,1756515600,1.9,1.9
2025-08-29,14558697,"UTR PTT San Diego Women 02, Group D",UTR Women,Hard,Veronica Miroshnichenko,Riley Crowder,1756507500,1.9,1.9
